series_id,indicator,value,unit,country,entity,period,frequency,release_time,vintage,revision,source,source_url,source_document,retrieval_timestamp,transformation,license,license_url,source_hash,git_commit,quality_status,notes,observation_id
labor.unemployment.total_population,unemployment,18.4,percent,JOR,ALL_RESIDENTS,2022-Q1,quarterly,2026-06-17T12:08:09+03:00,2026-06-17,0,Jordan Department of Statistics,https://dosweb.dos.gov.jo/unemp_062026/,https://dosweb.dos.gov.jo/databank/News/Unemployment/2026/unemp_Q1_2026_en.pdf,2026-08-09T16:29:19.277475+00:00,manual_chart_transcription,Jordan DoS website copyright; redistribution not granted,https://dosweb.dos.gov.jo/terms-conditions/,b3627bd4d5e5dbfc55f289a645dbc0f2ed8924b15bab027dd4b1f4d51c633f96,UNCOMMITTED,quarantined,Retrospective chart snapshot; not contemporaneous vintage; independent double-code pending,
labor.unemployment.total_population,unemployment,17.8,percent,JOR,ALL_RESIDENTS,2022-Q2,quarterly,2026-06-17T12:08:09+03:00,2026-06-17,0,Jordan Department of Statistics,https://dosweb.dos.gov.jo/unemp_062026/,https://dosweb.dos.gov.jo/databank/News/Unemployment/2026/unemp_Q1_2026_en.pdf,2026-08-09T16:29:19.277475+00:00,manual_chart_transcription,Jordan DoS website copyright; redistribution not granted,https://dosweb.dos.gov.jo/terms-conditions/,b3627bd4d5e5dbfc55f289a645dbc0f2ed8924b15bab027dd4b1f4d51c633f96,UNCOMMITTED,quarantined,Retrospective chart snapshot; not contemporaneous vintage; independent double-code pending,
labor.unemployment.total_population,unemployment,18.6,percent,JOR,ALL_RESIDENTS,2022-Q3,quarterly,2026-06-17T12:08:09+03:00,2026-06-17,0,Jordan Department of Statistics,https://dosweb.dos.gov.jo/unemp_062026/,https://dosweb.dos.gov.jo/databank/News/Unemployment/2026/unemp_Q1_2026_en.pdf,2026-08-09T16:29:19.277475+00:00,manual_chart_transcription,Jordan DoS website copyright; redistribution not granted,https://dosweb.dos.gov.jo/terms-conditions/,b3627bd4d5e5dbfc55f289a645dbc0f2ed8924b15bab027dd4b1f4d51c633f96,UNCOMMITTED,quarantined,Retrospective chart snapshot; not contemporaneous vintage; independent double-code pending,
labor.unemployment.total_population,unemployment,18.3,percent,JOR,ALL_RESIDENTS,2022-Q4,quarterly,2026-06-17T12:08:09+03:00,2026-06-17,0,Jordan Department of Statistics,https://dosweb.dos.gov.jo/unemp_062026/,https://dosweb.dos.gov.jo/databank/News/Unemployment/2026/unemp_Q1_2026_en.pdf,2026-08-09T16:29:19.277475+00:00,manual_chart_transcription,Jordan DoS website copyright; redistribution not granted,https://dosweb.dos.gov.jo/terms-conditions/,b3627bd4d5e5dbfc55f289a645dbc0f2ed8924b15bab027dd4b1f4d51c633f96,UNCOMMITTED,quarantined,Retrospective chart snapshot; not contemporaneous vintage; independent double-code pending,
labor.unemployment.total_population,unemployment,16.4,percent,JOR,ALL_RESIDENTS,2023-Q1,quarterly,2026-06-17T12:08:09+03:00,2026-06-17,0,Jordan Department of Statistics,https://dosweb.dos.gov.jo/unemp_062026/,https://dosweb.dos.gov.jo/databank/News/Unemployment/2026/unemp_Q1_2026_en.pdf,2026-08-09T16:29:19.277475+00:00,manual_chart_transcription,Jordan DoS website copyright; redistribution not granted,https://dosweb.dos.gov.jo/terms-conditions/,b3627bd4d5e5dbfc55f289a645dbc0f2ed8924b15bab027dd4b1f4d51c633f96,UNCOMMITTED,quarantined,Retrospective chart snapshot; not contemporaneous vintage; independent double-code pending,
labor.unemployment.total_population,unemployment,16.9,percent,JOR,ALL_RESIDENTS,2023-Q2,quarterly,2026-06-17T12:08:09+03:00,2026-06-17,0,Jordan Department of Statistics,https://dosweb.dos.gov.jo/unemp_062026/,https://dosweb.dos.gov.jo/databank/News/Unemployment/2026/unemp_Q1_2026_en.pdf,2026-08-09T16:29:19.277475+00:00,manual_chart_transcription,Jordan DoS website copyright; redistribution not granted,https://dosweb.dos.gov.jo/terms-conditions/,b3627bd4d5e5dbfc55f289a645dbc0f2ed8924b15bab027dd4b1f4d51c633f96,UNCOMMITTED,quarantined,Retrospective chart snapshot; not contemporaneous vintage; independent double-code pending,
labor.unemployment.total_population,unemployment,15.6,percent,JOR,ALL_RESIDENTS,2023-Q3,quarterly,2026-06-17T12:08:09+03:00,2026-06-17,0,Jordan Department of Statistics,https://dosweb.dos.gov.jo/unemp_062026/,https://dosweb.dos.gov.jo/databank/News/Unemployment/2026/unemp_Q1_2026_en.pdf,2026-08-09T16:29:19.277475+00:00,manual_chart_transcription,Jordan DoS website copyright; redistribution not granted,https://dosweb.dos.gov.jo/terms-conditions/,b3627bd4d5e5dbfc55f289a645dbc0f2ed8924b15bab027dd4b1f4d51c633f96,UNCOMMITTED,quarantined,Retrospective chart snapshot; not contemporaneous vintage; independent double-code pending,
labor.unemployment.total_population,unemployment,17.6,percent,JOR,ALL_RESIDENTS,2023-Q4,quarterly,2026-06-17T12:08:09+03:00,2026-06-17,0,Jordan Department of Statistics,https://dosweb.dos.gov.jo/unemp_062026/,https://dosweb.dos.gov.jo/databank/News/Unemployment/2026/unemp_Q1_2026_en.pdf,2026-08-09T16:29:19.277475+00:00,manual_chart_transcription,Jordan DoS website copyright; redistribution not granted,https://dosweb.dos.gov.jo/terms-conditions/,b3627bd4d5e5dbfc55f289a645dbc0f2ed8924b15bab027dd4b1f4d51c633f96,UNCOMMITTED,quarantined,Retrospective chart snapshot; not contemporaneous vintage; independent double-code pending,
labor.unemployment.total_population,unemployment,18.1,percent,JOR,ALL_RESIDENTS,2024-Q1,quarterly,2026-06-17T12:08:09+03:00,2026-06-17,0,Jordan Department of Statistics,https://dosweb.dos.gov.jo/unemp_062026/,https://dosweb.dos.gov.jo/databank/News/Unemployment/2026/unemp_Q1_2026_en.pdf,2026-08-09T16:29:19.277475+00:00,manual_chart_transcription,Jordan DoS website copyright; redistribution not granted,https://dosweb.dos.gov.jo/terms-conditions/,b3627bd4d5e5dbfc55f289a645dbc0f2ed8924b15bab027dd4b1f4d51c633f96,UNCOMMITTED,quarantined,Retrospective chart snapshot; not contemporaneous vintage; independent double-code pending,
labor.unemployment.total_population,unemployment,16.0,percent,JOR,ALL_RESIDENTS,2024-Q2,quarterly,2026-06-17T12:08:09+03:00,2026-06-17,0,Jordan Department of Statistics,https://dosweb.dos.gov.jo/unemp_062026/,https://dosweb.dos.gov.jo/databank/News/Unemployment/2026/unemp_Q1_2026_en.pdf,2026-08-09T16:29:19.277475+00:00,manual_chart_transcription,Jordan DoS website copyright; redistribution not granted,https://dosweb.dos.gov.jo/terms-conditions/,b3627bd4d5e5dbfc55f289a645dbc0f2ed8924b15bab027dd4b1f4d51c633f96,UNCOMMITTED,quarantined,Retrospective chart snapshot; not contemporaneous vintage; independent double-code pending,
labor.unemployment.total_population,unemployment,16.3,percent,JOR,ALL_RESIDENTS,2024-Q3,quarterly,2026-06-17T12:08:09+03:00,2026-06-17,0,Jordan Department of Statistics,https://dosweb.dos.gov.jo/unemp_062026/,https://dosweb.dos.gov.jo/databank/News/Unemployment/2026/unemp_Q1_2026_en.pdf,2026-08-09T16:29:19.277475+00:00,manual_chart_transcription,Jordan DoS website copyright; redistribution not granted,https://dosweb.dos.gov.jo/terms-conditions/,b3627bd4d5e5dbfc55f289a645dbc0f2ed8924b15bab027dd4b1f4d51c633f96,UNCOMMITTED,quarantined,Retrospective chart snapshot; not contemporaneous vintage; independent double-code pending,
labor.unemployment.total_population,unemployment,16.9,percent,JOR,ALL_RESIDENTS,2024-Q4,quarterly,2026-06-17T12:08:09+03:00,2026-06-17,0,Jordan Department of Statistics,https://dosweb.dos.gov.jo/unemp_062026/,https://dosweb.dos.gov.jo/databank/News/Unemployment/2026/unemp_Q1_2026_en.pdf,2026-08-09T16:29:19.277475+00:00,manual_chart_transcription,Jordan DoS website copyright; redistribution not granted,https://dosweb.dos.gov.jo/terms-conditions/,b3627bd4d5e5dbfc55f289a645dbc0f2ed8924b15bab027dd4b1f4d51c633f96,UNCOMMITTED,quarantined,Retrospective chart snapshot; not contemporaneous vintage; independent double-code pending,
labor.unemployment.total_population,unemployment,16.6,percent,JOR,ALL_RESIDENTS,2025-Q1,quarterly,2026-06-17T12:08:09+03:00,2026-06-17,0,Jordan Department of Statistics,https://dosweb.dos.gov.jo/unemp_062026/,https://dosweb.dos.gov.jo/databank/News/Unemployment/2026/unemp_Q1_2026_en.pdf,2026-08-09T16:29:19.277475+00:00,manual_chart_transcription,Jordan DoS website copyright; redistribution not granted,https://dosweb.dos.gov.jo/terms-conditions/,b3627bd4d5e5dbfc55f289a645dbc0f2ed8924b15bab027dd4b1f4d51c633f96,UNCOMMITTED,quarantined,Retrospective chart snapshot; not contemporaneous vintage; independent double-code pending,
labor.unemployment.total_population,unemployment,16.5,percent,JOR,ALL_RESIDENTS,2025-Q2,quarterly,2026-06-17T12:08:09+03:00,2026-06-17,0,Jordan Department of Statistics,https://dosweb.dos.gov.jo/unemp_062026/,https://dosweb.dos.gov.jo/databank/News/Unemployment/2026/unemp_Q1_2026_en.pdf,2026-08-09T16:29:19.277475+00:00,manual_chart_transcription,Jordan DoS website copyright; redistribution not granted,https://dosweb.dos.gov.jo/terms-conditions/,b3627bd4d5e5dbfc55f289a645dbc0f2ed8924b15bab027dd4b1f4d51c633f96,UNCOMMITTED,quarantined,Retrospective chart snapshot; not contemporaneous vintage; independent double-code pending,
labor.unemployment.total_population,unemployment,16.2,percent,JOR,ALL_RESIDENTS,2025-Q3,quarterly,2026-06-17T12:08:09+03:00,2026-06-17,0,Jordan Department of Statistics,https://dosweb.dos.gov.jo/unemp_062026/,https://dosweb.dos.gov.jo/databank/News/Unemployment/2026/unemp_Q1_2026_en.pdf,2026-08-09T16:29:19.277475+00:00,manual_chart_transcription,Jordan DoS website copyright; redistribution not granted,https://dosweb.dos.gov.jo/terms-conditions/,b3627bd4d5e5dbfc55f289a645dbc0f2ed8924b15bab027dd4b1f4d51c633f96,UNCOMMITTED,quarantined,Retrospective chart snapshot; not contemporaneous vintage; independent double-code pending,
labor.unemployment.total_population,unemployment,16.1,percent,JOR,ALL_RESIDENTS,2025-Q4,quarterly,2026-06-17T12:08:09+03:00,2026-06-17,0,Jordan Department of Statistics,https://dosweb.dos.gov.jo/unemp_062026/,https://dosweb.dos.gov.jo/databank/News/Unemployment/2026/unemp_Q1_2026_en.pdf,2026-08-09T16:29:19.277475+00:00,manual_chart_transcription,Jordan DoS website copyright; redistribution not granted,https://dosweb.dos.gov.jo/terms-conditions/,b3627bd4d5e5dbfc55f289a645dbc0f2ed8924b15bab027dd4b1f4d51c633f96,UNCOMMITTED,quarantined,Retrospective chart snapshot; not contemporaneous vintage; independent double-code pending,
labor.unemployment.total_population,unemployment,16.1,percent,JOR,ALL_RESIDENTS,2026-Q1,quarterly,2026-06-17T12:08:09+03:00,2026-06-17,0,Jordan Department of Statistics,https://dosweb.dos.gov.jo/unemp_062026/,https://dosweb.dos.gov.jo/databank/News/Unemployment/2026/unemp_Q1_2026_en.pdf,2026-08-09T16:29:19.277475+00:00,manual_chart_transcription,Jordan DoS website copyright; redistribution not granted,https://dosweb.dos.gov.jo/terms-conditions/,b3627bd4d5e5dbfc55f289a645dbc0f2ed8924b15bab027dd4b1f4d51c633f96,UNCOMMITTED,quarantined,Retrospective chart snapshot; not contemporaneous vintage; independent double-code pending,
labor.unemployment.total_population,unemployment,16.9,percent,JOR,MALE_RESIDENTS,2022-Q1,quarterly,2026-06-17T12:08:09+03:00,2026-06-17,0,Jordan Department of Statistics,https://dosweb.dos.gov.jo/unemp_062026/,https://dosweb.dos.gov.jo/databank/News/Unemployment/2026/unemp_Q1_2026_en.pdf,2026-08-09T16:29:19.277475+00:00,manual_chart_transcription,Jordan DoS website copyright; redistribution not granted,https://dosweb.dos.gov.jo/terms-conditions/,b3627bd4d5e5dbfc55f289a645dbc0f2ed8924b15bab027dd4b1f4d51c633f96,UNCOMMITTED,quarantined,Retrospective chart snapshot; not contemporaneous vintage; independent double-code pending,
labor.unemployment.total_population,unemployment,16.5,percent,JOR,MALE_RESIDENTS,2022-Q2,quarterly,2026-06-17T12:08:09+03:00,2026-06-17,0,Jordan Department of Statistics,https://dosweb.dos.gov.jo/unemp_062026/,https://dosweb.dos.gov.jo/databank/News/Unemployment/2026/unemp_Q1_2026_en.pdf,2026-08-09T16:29:19.277475+00:00,manual_chart_transcription,Jordan DoS website copyright; redistribution not granted,https://dosweb.dos.gov.jo/terms-conditions/,b3627bd4d5e5dbfc55f289a645dbc0f2ed8924b15bab027dd4b1f4d51c633f96,UNCOMMITTED,quarantined,Retrospective chart snapshot; not contemporaneous vintage; independent double-code pending,
labor.unemployment.total_population,unemployment,16.4,percent,JOR,MALE_RESIDENTS,2022-Q3,quarterly,2026-06-17T12:08:09+03:00,2026-06-17,0,Jordan Department of Statistics,https://dosweb.dos.gov.jo/unemp_062026/,https://dosweb.dos.gov.jo/databank/News/Unemployment/2026/unemp_Q1_2026_en.pdf,2026-08-09T16:29:19.277475+00:00,manual_chart_transcription,Jordan DoS website copyright; redistribution not granted,https://dosweb.dos.gov.jo/terms-conditions/,b3627bd4d5e5dbfc55f289a645dbc0f2ed8924b15bab027dd4b1f4d51c633f96,UNCOMMITTED,quarantined,Retrospective chart snapshot; not contemporaneous vintage; independent double-code pending,
labor.unemployment.total_population,unemployment,16.3,percent,JOR,MALE_RESIDENTS,2022-Q4,quarterly,2026-06-17T12:08:09+03:00,2026-06-17,0,Jordan Department of Statistics,https://dosweb.dos.gov.jo/unemp_062026/,https://dosweb.dos.gov.jo/databank/News/Unemployment/2026/unemp_Q1_2026_en.pdf,2026-08-09T16:29:19.277475+00:00,manual_chart_transcription,Jordan DoS website copyright; redistribution not granted,https://dosweb.dos.gov.jo/terms-conditions/,b3627bd4d5e5dbfc55f289a645dbc0f2ed8924b15bab027dd4b1f4d51c633f96,UNCOMMITTED,quarantined,Retrospective chart snapshot; not contemporaneous vintage; independent double-code pending,
labor.unemployment.total_population,unemployment,15.2,percent,JOR,MALE_RESIDENTS,2023-Q1,quarterly,2026-06-17T12:08:09+03:00,2026-06-17,0,Jordan Department of Statistics,https://dosweb.dos.gov.jo/unemp_062026/,https://dosweb.dos.gov.jo/databank/News/Unemployment/2026/unemp_Q1_2026_en.pdf,2026-08-09T16:29:19.277475+00:00,manual_chart_transcription,Jordan DoS website copyright; redistribution not granted,https://dosweb.dos.gov.jo/terms-conditions/,b3627bd4d5e5dbfc55f289a645dbc0f2ed8924b15bab027dd4b1f4d51c633f96,UNCOMMITTED,quarantined,Retrospective chart snapshot; not contemporaneous vintage; independent double-code pending,
labor.unemployment.total_population,unemployment,15.3,percent,JOR,MALE_RESIDENTS,2023-Q2,quarterly,2026-06-17T12:08:09+03:00,2026-06-17,0,Jordan Department of Statistics,https://dosweb.dos.gov.jo/unemp_062026/,https://dosweb.dos.gov.jo/databank/News/Unemployment/2026/unemp_Q1_2026_en.pdf,2026-08-09T16:29:19.277475+00:00,manual_chart_transcription,Jordan DoS website copyright; redistribution not granted,https://dosweb.dos.gov.jo/terms-conditions/,b3627bd4d5e5dbfc55f289a645dbc0f2ed8924b15bab027dd4b1f4d51c633f96,UNCOMMITTED,quarantined,Retrospective chart snapshot; not contemporaneous vintage; independent double-code pending,
labor.unemployment.total_population,unemployment,13.8,percent,JOR,MALE_RESIDENTS,2023-Q3,quarterly,2026-06-17T12:08:09+03:00,2026-06-17,0,Jordan Department of Statistics,https://dosweb.dos.gov.jo/unemp_062026/,https://dosweb.dos.gov.jo/databank/News/Unemployment/2026/unemp_Q1_2026_en.pdf,2026-08-09T16:29:19.277475+00:00,manual_chart_transcription,Jordan DoS website copyright; redistribution not granted,https://dosweb.dos.gov.jo/terms-conditions/,b3627bd4d5e5dbfc55f289a645dbc0f2ed8924b15bab027dd4b1f4d51c633f96,UNCOMMITTED,quarantined,Retrospective chart snapshot; not contemporaneous vintage; independent double-code pending,
labor.unemployment.total_population,unemployment,16.2,percent,JOR,MALE_RESIDENTS,2023-Q4,quarterly,2026-06-17T12:08:09+03:00,2026-06-17,0,Jordan Department of Statistics,https://dosweb.dos.gov.jo/unemp_062026/,https://dosweb.dos.gov.jo/databank/News/Unemployment/2026/unemp_Q1_2026_en.pdf,2026-08-09T16:29:19.277475+00:00,manual_chart_transcription,Jordan DoS website copyright; redistribution not granted,https://dosweb.dos.gov.jo/terms-conditions/,b3627bd4d5e5dbfc55f289a645dbc0f2ed8924b15bab027dd4b1f4d51c633f96,UNCOMMITTED,quarantined,Retrospective chart snapshot; not contemporaneous vintage; independent double-code pending,
labor.unemployment.total_population,unemployment,15.0,percent,JOR,MALE_RESIDENTS,2024-Q1,quarterly,2026-06-17T12:08:09+03:00,2026-06-17,0,Jordan Department of Statistics,https://dosweb.dos.gov.jo/unemp_062026/,https://dosweb.dos.gov.jo/databank/News/Unemployment/2026/unemp_Q1_2026_en.pdf,2026-08-09T16:29:19.277475+00:00,manual_chart_transcription,Jordan DoS website copyright; redistribution not granted,https://dosweb.dos.gov.jo/terms-conditions/,b3627bd4d5e5dbfc55f289a645dbc0f2ed8924b15bab027dd4b1f4d51c633f96,UNCOMMITTED,quarantined,Retrospective chart snapshot; not contemporaneous vintage; independent double-code pending,
labor.unemployment.total_population,unemployment,14.6,percent,JOR,MALE_RESIDENTS,2024-Q2,quarterly,2026-06-17T12:08:09+03:00,2026-06-17,0,Jordan Department of Statistics,https://dosweb.dos.gov.jo/unemp_062026/,https://dosweb.dos.gov.jo/databank/News/Unemployment/2026/unemp_Q1_2026_en.pdf,2026-08-09T16:29:19.277475+00:00,manual_chart_transcription,Jordan DoS website copyright; redistribution not granted,https://dosweb.dos.gov.jo/terms-conditions/,b3627bd4d5e5dbfc55f289a645dbc0f2ed8924b15bab027dd4b1f4d51c633f96,UNCOMMITTED,quarantined,Retrospective chart snapshot; not contemporaneous vintage; independent double-code pending,
labor.unemployment.total_population,unemployment,14.1,percent,JOR,MALE_RESIDENTS,2024-Q3,quarterly,2026-06-17T12:08:09+03:00,2026-06-17,0,Jordan Department of Statistics,https://dosweb.dos.gov.jo/unemp_062026/,https://dosweb.dos.gov.jo/databank/News/Unemployment/2026/unemp_Q1_2026_en.pdf,2026-08-09T16:29:19.277475+00:00,manual_chart_transcription,Jordan DoS website copyright; redistribution not granted,https://dosweb.dos.gov.jo/terms-conditions/,b3627bd4d5e5dbfc55f289a645dbc0f2ed8924b15bab027dd4b1f4d51c633f96,UNCOMMITTED,quarantined,Retrospective chart snapshot; not contemporaneous vintage; independent double-code pending,
labor.unemployment.total_population,unemployment,15.2,percent,JOR,MALE_RESIDENTS,2024-Q4,quarterly,2026-06-17T12:08:09+03:00,2026-06-17,0,Jordan Department of Statistics,https://dosweb.dos.gov.jo/unemp_062026/,https://dosweb.dos.gov.jo/databank/News/Unemployment/2026/unemp_Q1_2026_en.pdf,2026-08-09T16:29:19.277475+00:00,manual_chart_transcription,Jordan DoS website copyright; redistribution not granted,https://dosweb.dos.gov.jo/terms-conditions/,b3627bd4d5e5dbfc55f289a645dbc0f2ed8924b15bab027dd4b1f4d51c633f96,UNCOMMITTED,quarantined,Retrospective chart snapshot; not contemporaneous vintage; independent double-code pending,
labor.unemployment.total_population,unemployment,15.2,percent,JOR,MALE_RESIDENTS,2025-Q1,quarterly,2026-06-17T12:08:09+03:00,2026-06-17,0,Jordan Department of Statistics,https://dosweb.dos.gov.jo/unemp_062026/,https://dosweb.dos.gov.jo/databank/News/Unemployment/2026/unemp_Q1_2026_en.pdf,2026-08-09T16:29:19.277475+00:00,manual_chart_transcription,Jordan DoS website copyright; redistribution not granted,https://dosweb.dos.gov.jo/terms-conditions/,b3627bd4d5e5dbfc55f289a645dbc0f2ed8924b15bab027dd4b1f4d51c633f96,UNCOMMITTED,quarantined,Retrospective chart snapshot; not contemporaneous vintage; independent double-code pending,
labor.unemployment.total_population,unemployment,14.4,percent,JOR,MALE_RESIDENTS,2025-Q2,quarterly,2026-06-17T12:08:09+03:00,2026-06-17,0,Jordan Department of Statistics,https://dosweb.dos.gov.jo/unemp_062026/,https://dosweb.dos.gov.jo/databank/News/Unemployment/2026/unemp_Q1_2026_en.pdf,2026-08-09T16:29:19.277475+00:00,manual_chart_transcription,Jordan DoS website copyright; redistribution not granted,https://dosweb.dos.gov.jo/terms-conditions/,b3627bd4d5e5dbfc55f289a645dbc0f2ed8924b15bab027dd4b1f4d51c633f96,UNCOMMITTED,quarantined,Retrospective chart snapshot; not contemporaneous vintage; independent double-code pending,
labor.unemployment.total_population,unemployment,13.6,percent,JOR,MALE_RESIDENTS,2025-Q3,quarterly,2026-06-17T12:08:09+03:00,2026-06-17,0,Jordan Department of Statistics,https://dosweb.dos.gov.jo/unemp_062026/,https://dosweb.dos.gov.jo/databank/News/Unemployment/2026/unemp_Q1_2026_en.pdf,2026-08-09T16:29:19.277475+00:00,manual_chart_transcription,Jordan DoS website copyright; redistribution not granted,https://dosweb.dos.gov.jo/terms-conditions/,b3627bd4d5e5dbfc55f289a645dbc0f2ed8924b15bab027dd4b1f4d51c633f96,UNCOMMITTED,quarantined,Retrospective chart snapshot; not contemporaneous vintage; independent double-code pending,
labor.unemployment.total_population,unemployment,13.8,percent,JOR,MALE_RESIDENTS,2025-Q4,quarterly,2026-06-17T12:08:09+03:00,2026-06-17,0,Jordan Department of Statistics,https://dosweb.dos.gov.jo/unemp_062026/,https://dosweb.dos.gov.jo/databank/News/Unemployment/2026/unemp_Q1_2026_en.pdf,2026-08-09T16:29:19.277475+00:00,manual_chart_transcription,Jordan DoS website copyright; redistribution not granted,https://dosweb.dos.gov.jo/terms-conditions/,b3627bd4d5e5dbfc55f289a645dbc0f2ed8924b15bab027dd4b1f4d51c633f96,UNCOMMITTED,quarantined,Retrospective chart snapshot; not contemporaneous vintage; independent double-code pending,
labor.unemployment.total_population,unemployment,14.6,percent,JOR,MALE_RESIDENTS,2026-Q1,quarterly,2026-06-17T12:08:09+03:00,2026-06-17,0,Jordan Department of Statistics,https://dosweb.dos.gov.jo/unemp_062026/,https://dosweb.dos.gov.jo/databank/News/Unemployment/2026/unemp_Q1_2026_en.pdf,2026-08-09T16:29:19.277475+00:00,manual_chart_transcription,Jordan DoS website copyright; redistribution not granted,https://dosweb.dos.gov.jo/terms-conditions/,b3627bd4d5e5dbfc55f289a645dbc0f2ed8924b15bab027dd4b1f4d51c633f96,UNCOMMITTED,quarantined,Retrospective chart snapshot; not contemporaneous vintage; independent double-code pending,
labor.unemployment.total_population,unemployment,26.5,percent,JOR,FEMALE_RESIDENTS,2022-Q1,quarterly,2026-06-17T12:08:09+03:00,2026-06-17,0,Jordan Department of Statistics,https://dosweb.dos.gov.jo/unemp_062026/,https://dosweb.dos.gov.jo/databank/News/Unemployment/2026/unemp_Q1_2026_en.pdf,2026-08-09T16:29:19.277475+00:00,manual_chart_transcription,Jordan DoS website copyright; redistribution not granted,https://dosweb.dos.gov.jo/terms-conditions/,b3627bd4d5e5dbfc55f289a645dbc0f2ed8924b15bab027dd4b1f4d51c633f96,UNCOMMITTED,quarantined,Retrospective chart snapshot; not contemporaneous vintage; independent double-code pending,
labor.unemployment.total_population,unemployment,24.1,percent,JOR,FEMALE_RESIDENTS,2022-Q2,quarterly,2026-06-17T12:08:09+03:00,2026-06-17,0,Jordan Department of Statistics,https://dosweb.dos.gov.jo/unemp_062026/,https://dosweb.dos.gov.jo/databank/News/Unemployment/2026/unemp_Q1_2026_en.pdf,2026-08-09T16:29:19.277475+00:00,manual_chart_transcription,Jordan DoS website copyright; redistribution not granted,https://dosweb.dos.gov.jo/terms-conditions/,b3627bd4d5e5dbfc55f289a645dbc0f2ed8924b15bab027dd4b1f4d51c633f96,UNCOMMITTED,quarantined,Retrospective chart snapshot; not contemporaneous vintage; independent double-code pending,
labor.unemployment.total_population,unemployment,29.1,percent,JOR,FEMALE_RESIDENTS,2022-Q3,quarterly,2026-06-17T12:08:09+03:00,2026-06-17,0,Jordan Department of Statistics,https://dosweb.dos.gov.jo/unemp_062026/,https://dosweb.dos.gov.jo/databank/News/Unemployment/2026/unemp_Q1_2026_en.pdf,2026-08-09T16:29:19.277475+00:00,manual_chart_transcription,Jordan DoS website copyright; redistribution not granted,https://dosweb.dos.gov.jo/terms-conditions/,b3627bd4d5e5dbfc55f289a645dbc0f2ed8924b15bab027dd4b1f4d51c633f96,UNCOMMITTED,quarantined,Retrospective chart snapshot; not contemporaneous vintage; independent double-code pending,
labor.unemployment.total_population,unemployment,28.2,percent,JOR,FEMALE_RESIDENTS,2022-Q4,quarterly,2026-06-17T12:08:09+03:00,2026-06-17,0,Jordan Department of Statistics,https://dosweb.dos.gov.jo/unemp_062026/,https://dosweb.dos.gov.jo/databank/News/Unemployment/2026/unemp_Q1_2026_en.pdf,2026-08-09T16:29:19.277475+00:00,manual_chart_transcription,Jordan DoS website copyright; redistribution not granted,https://dosweb.dos.gov.jo/terms-conditions/,b3627bd4d5e5dbfc55f289a645dbc0f2ed8924b15bab027dd4b1f4d51c633f96,UNCOMMITTED,quarantined,Retrospective chart snapshot; not contemporaneous vintage; independent double-code pending,
labor.unemployment.total_population,unemployment,21.9,percent,JOR,FEMALE_RESIDENTS,2023-Q1,quarterly,2026-06-17T12:08:09+03:00,2026-06-17,0,Jordan Department of Statistics,https://dosweb.dos.gov.jo/unemp_062026/,https://dosweb.dos.gov.jo/databank/News/Unemployment/2026/unemp_Q1_2026_en.pdf,2026-08-09T16:29:19.277475+00:00,manual_chart_transcription,Jordan DoS website copyright; redistribution not granted,https://dosweb.dos.gov.jo/terms-conditions/,b3627bd4d5e5dbfc55f289a645dbc0f2ed8924b15bab027dd4b1f4d51c633f96,UNCOMMITTED,quarantined,Retrospective chart snapshot; not contemporaneous vintage; independent double-code pending,
labor.unemployment.total_population,unemployment,24.0,percent,JOR,FEMALE_RESIDENTS,2023-Q2,quarterly,2026-06-17T12:08:09+03:00,2026-06-17,0,Jordan Department of Statistics,https://dosweb.dos.gov.jo/unemp_062026/,https://dosweb.dos.gov.jo/databank/News/Unemployment/2026/unemp_Q1_2026_en.pdf,2026-08-09T16:29:19.277475+00:00,manual_chart_transcription,Jordan DoS website copyright; redistribution not granted,https://dosweb.dos.gov.jo/terms-conditions/,b3627bd4d5e5dbfc55f289a645dbc0f2ed8924b15bab027dd4b1f4d51c633f96,UNCOMMITTED,quarantined,Retrospective chart snapshot; not contemporaneous vintage; independent double-code pending,
labor.unemployment.total_population,unemployment,23.8,percent,JOR,FEMALE_RESIDENTS,2023-Q3,quarterly,2026-06-17T12:08:09+03:00,2026-06-17,0,Jordan Department of Statistics,https://dosweb.dos.gov.jo/unemp_062026/,https://dosweb.dos.gov.jo/databank/News/Unemployment/2026/unemp_Q1_2026_en.pdf,2026-08-09T16:29:19.277475+00:00,manual_chart_transcription,Jordan DoS website copyright; redistribution not granted,https://dosweb.dos.gov.jo/terms-conditions/,b3627bd4d5e5dbfc55f289a645dbc0f2ed8924b15bab027dd4b1f4d51c633f96,UNCOMMITTED,quarantined,Retrospective chart snapshot; not contemporaneous vintage; independent double-code pending,
labor.unemployment.total_population,unemployment,23.0,percent,JOR,FEMALE_RESIDENTS,2023-Q4,quarterly,2026-06-17T12:08:09+03:00,2026-06-17,0,Jordan Department of Statistics,https://dosweb.dos.gov.jo/unemp_062026/,https://dosweb.dos.gov.jo/databank/News/Unemployment/2026/unemp_Q1_2026_en.pdf,2026-08-09T16:29:19.277475+00:00,manual_chart_transcription,Jordan DoS website copyright; redistribution not granted,https://dosweb.dos.gov.jo/terms-conditions/,b3627bd4d5e5dbfc55f289a645dbc0f2ed8924b15bab027dd4b1f4d51c633f96,UNCOMMITTED,quarantined,Retrospective chart snapshot; not contemporaneous vintage; independent double-code pending,
labor.unemployment.total_population,unemployment,29.9,percent,JOR,FEMALE_RESIDENTS,2024-Q1,quarterly,2026-06-17T12:08:09+03:00,2026-06-17,0,Jordan Department of Statistics,https://dosweb.dos.gov.jo/unemp_062026/,https://dosweb.dos.gov.jo/databank/News/Unemployment/2026/unemp_Q1_2026_en.pdf,2026-08-09T16:29:19.277475+00:00,manual_chart_transcription,Jordan DoS website copyright; redistribution not granted,https://dosweb.dos.gov.jo/terms-conditions/,b3627bd4d5e5dbfc55f289a645dbc0f2ed8924b15bab027dd4b1f4d51c633f96,UNCOMMITTED,quarantined,Retrospective chart snapshot; not contemporaneous vintage; independent double-code pending,
labor.unemployment.total_population,unemployment,21.9,percent,JOR,FEMALE_RESIDENTS,2024-Q2,quarterly,2026-06-17T12:08:09+03:00,2026-06-17,0,Jordan Department of Statistics,https://dosweb.dos.gov.jo/unemp_062026/,https://dosweb.dos.gov.jo/databank/News/Unemployment/2026/unemp_Q1_2026_en.pdf,2026-08-09T16:29:19.277475+00:00,manual_chart_transcription,Jordan DoS website copyright; redistribution not granted,https://dosweb.dos.gov.jo/terms-conditions/,b3627bd4d5e5dbfc55f289a645dbc0f2ed8924b15bab027dd4b1f4d51c633f96,UNCOMMITTED,quarantined,Retrospective chart snapshot; not contemporaneous vintage; independent double-code pending,
labor.unemployment.total_population,unemployment,24.7,percent,JOR,FEMALE_RESIDENTS,2024-Q3,quarterly,2026-06-17T12:08:09+03:00,2026-06-17,0,Jordan Department of Statistics,https://dosweb.dos.gov.jo/unemp_062026/,https://dosweb.dos.gov.jo/databank/News/Unemployment/2026/unemp_Q1_2026_en.pdf,2026-08-09T16:29:19.277475+00:00,manual_chart_transcription,Jordan DoS website copyright; redistribution not granted,https://dosweb.dos.gov.jo/terms-conditions/,b3627bd4d5e5dbfc55f289a645dbc0f2ed8924b15bab027dd4b1f4d51c633f96,UNCOMMITTED,quarantined,Retrospective chart snapshot; not contemporaneous vintage; independent double-code pending,
labor.unemployment.total_population,unemployment,23.4,percent,JOR,FEMALE_RESIDENTS,2024-Q4,quarterly,2026-06-17T12:08:09+03:00,2026-06-17,0,Jordan Department of Statistics,https://dosweb.dos.gov.jo/unemp_062026/,https://dosweb.dos.gov.jo/databank/News/Unemployment/2026/unemp_Q1_2026_en.pdf,2026-08-09T16:29:19.277475+00:00,manual_chart_transcription,Jordan DoS website copyright; redistribution not granted,https://dosweb.dos.gov.jo/terms-conditions/,b3627bd4d5e5dbfc55f289a645dbc0f2ed8924b15bab027dd4b1f4d51c633f96,UNCOMMITTED,quarantined,Retrospective chart snapshot; not contemporaneous vintage; independent double-code pending,
labor.unemployment.total_population,unemployment,22.6,percent,JOR,FEMALE_RESIDENTS,2025-Q1,quarterly,2026-06-17T12:08:09+03:00,2026-06-17,0,Jordan Department of Statistics,https://dosweb.dos.gov.jo/unemp_062026/,https://dosweb.dos.gov.jo/databank/News/Unemployment/2026/unemp_Q1_2026_en.pdf,2026-08-09T16:29:19.277475+00:00,manual_chart_transcription,Jordan DoS website copyright; redistribution not granted,https://dosweb.dos.gov.jo/terms-conditions/,b3627bd4d5e5dbfc55f289a645dbc0f2ed8924b15bab027dd4b1f4d51c633f96,UNCOMMITTED,quarantined,Retrospective chart snapshot; not contemporaneous vintage; independent double-code pending,
labor.unemployment.total_population,unemployment,25.2,percent,JOR,FEMALE_RESIDENTS,2025-Q2,quarterly,2026-06-17T12:08:09+03:00,2026-06-17,0,Jordan Department of Statistics,https://dosweb.dos.gov.jo/unemp_062026/,https://dosweb.dos.gov.jo/databank/News/Unemployment/2026/unemp_Q1_2026_en.pdf,2026-08-09T16:29:19.277475+00:00,manual_chart_transcription,Jordan DoS website copyright; redistribution not granted,https://dosweb.dos.gov.jo/terms-conditions/,b3627bd4d5e5dbfc55f289a645dbc0f2ed8924b15bab027dd4b1f4d51c633f96,UNCOMMITTED,quarantined,Retrospective chart snapshot; not contemporaneous vintage; independent double-code pending,
labor.unemployment.total_population,unemployment,27.0,percent,JOR,FEMALE_RESIDENTS,2025-Q3,quarterly,2026-06-17T12:08:09+03:00,2026-06-17,0,Jordan Department of Statistics,https://dosweb.dos.gov.jo/unemp_062026/,https://dosweb.dos.gov.jo/databank/News/Unemployment/2026/unemp_Q1_2026_en.pdf,2026-08-09T16:29:19.277475+00:00,manual_chart_transcription,Jordan DoS website copyright; redistribution not granted,https://dosweb.dos.gov.jo/terms-conditions/,b3627bd4d5e5dbfc55f289a645dbc0f2ed8924b15bab027dd4b1f4d51c633f96,UNCOMMITTED,quarantined,Retrospective chart snapshot; not contemporaneous vintage; independent double-code pending,
labor.unemployment.total_population,unemployment,25.0,percent,JOR,FEMALE_RESIDENTS,2025-Q4,quarterly,2026-06-17T12:08:09+03:00,2026-06-17,0,Jordan Department of Statistics,https://dosweb.dos.gov.jo/unemp_062026/,https://dosweb.dos.gov.jo/databank/News/Unemployment/2026/unemp_Q1_2026_en.pdf,2026-08-09T16:29:19.277475+00:00,manual_chart_transcription,Jordan DoS website copyright; redistribution not granted,https://dosweb.dos.gov.jo/terms-conditions/,b3627bd4d5e5dbfc55f289a645dbc0f2ed8924b15bab027dd4b1f4d51c633f96,UNCOMMITTED,quarantined,Retrospective chart snapshot; not contemporaneous vintage; independent double-code pending,
labor.unemployment.total_population,unemployment,21.3,percent,JOR,FEMALE_RESIDENTS,2026-Q1,quarterly,2026-06-17T12:08:09+03:00,2026-06-17,0,Jordan Department of Statistics,https://dosweb.dos.gov.jo/unemp_062026/,https://dosweb.dos.gov.jo/databank/News/Unemployment/2026/unemp_Q1_2026_en.pdf,2026-08-09T16:29:19.277475+00:00,manual_chart_transcription,Jordan DoS website copyright; redistribution not granted,https://dosweb.dos.gov.jo/terms-conditions/,b3627bd4d5e5dbfc55f289a645dbc0f2ed8924b15bab027dd4b1f4d51c633f96,UNCOMMITTED,quarantined,Retrospective chart snapshot; not contemporaneous vintage; independent double-code pending,
